id,domain,campaign
88,prisrichecytfe.tk,142
94,puzzterdipormato.ga,136
158,prefertadownbillcor.ga,34
518,unenruepros.ga,607
519,magasa.ga,608
520,choiralecdideti.tk,609
521,daimostask.tk,610
522,giiberte.tk,611
529,tiopheter.tk,618
533,sounsetamure.ml,622
534,eltiageligh.tk,623
535,grumimcades.tk,624
536,missojuncfitzsodwa.cf,625
537,naniswiwollkerz.tk,626
539,ecefel.tk,628
540,destmigdemaverrou.tk,629
542,blogedmarater.tk,631
543,sticovrhinazvochi.cf,632
544,dicolerojuxvi.tk,633
545,necphawi.tk,634
546,efarfragrewmene.tk,635
548,climlessvophilsumpcar.tk,637
549,teinofemilvers.tk,638
550,tiralina.ml,639
551,mopata.tk,640
552,bilvire.gq,641
553,inofspooktiadio.tk,642
555,jaybornfofer.ml,644
556,erunufblog.tk,645
557,puytrapalobto.tk,646
558,mimingna.tk,647
559,gilchralans.ga,648
560,seomusiparsea.ml,649
561,foxquattsingwi.tk,650
563,righpunchwoodf.tk,652
564,webperup.tk,653
565,coruricrobul.tk,654
566,atcaariti.tk,655
568,softcepmater.tk,657
569,demeka.tk,658
570,neulitahoso.gq,659
571,oloncalno.tk,660
572,geikoronamu.cf,661
573,tzebbanpgloscheckdesqherz.tk,662
574,vibuchxorekapwort.tk,663
575,cisipicon.tk,664
576,reefourpmogopinwi.tk,665
577,akimhotemsoi.cf,666
578,tranuruanazomdi.cf,667
579,eroppasfillbemit.gq,668
580,vilivevilofea.tk,669
581,viburpinakbasul.tk,670
582,troubbuboot.ml,671
583,blacpirscompeme.gq,672
584,cuikronangano.ml,673
585,cuslernca.tk,674
586,surtiamedtue.tk,675
587,alinifter.tk,676
588,ockamitobank.tk,677
589,charciatherlolipa.tk,678
590,birocomlist.ga,679
591,jotbiesofhe.tk,680
592,trancesswacen.tk,681
593,tenconaleti.gq,682
594,beybrecatnet.tk,683
595,caukanma.tk,684
596,lurnaarutumi.tk,685
597,sandchosupptavinleu.ga,686
598,vawasibdaitran.tk,687
599,lipnolabdyda.ml,688
600,ninogantidihops.tk,689
601,ziepines.tk,690
602,giabaste.tk,691
603,syspoytipcematemp.gq,692
604,pinfanibacklu.tk,693
605,ernacardialamin.ml,694
606,iselquila.tk,695
607,inevad.cf,696
608,waiphpadtingka.tk,697
609,quegutosemonthpar.tk,698
610,chenfpiggamb.tk,699
718,ddadfacowsouffsu.tk,807
719,searrickcor.tk,808
720,unhuyver.tk,809
721,inmixavoland.tk,810
722,pootirilican.tk,811
723,matisa.tk,812
724,promdescpepel.tk,813
725,gelide.tk,814
726,portnamasmasacer.ga,815
727,compmitsuafoundfo.tk,816
728,waywebnasoun.tk,817
729,esurevud.tk,818
730,jostdentseb.cf,819
731,adweaniwakarl.ml,820
732,atesutdvenajflav.ml,821
733,curdenachlepinva.ml,822
734,vendwallsanfgalsungblom.tk,823
735,bachelandmyrcama.tk,824
736,biekemsvingmeta.tk,825
737,tetiwibac.tk,826
738,aracsoahercu.tk,827
739,provotidtenkeri.gq,828
740,longpersnisuppherge.tk,829
741,voitimurciceptie.tk,830
742,prinulareswtit.tk,831
743,betiracacom.tk,832
744,alerersifol.gq,833
745,pactparliwinlinews.tk,834
746,kingsepcepitleft.tk,835
747,tuarotrofigi.tk,836
748,marcmedoctturtopgge.tk,837
749,glitolsmaladenla.tk,838
750,fusmanala.tk,839
751,myageabkavisuti.tk,840
752,teofloroth.tk,841
753,opdenrespsiwads.tk,842
754,quilogir.tk,843
755,pufnporsau.ml,844
756,lonmoncbehogofo.tk,845
757,fegeeturacva.gq,846
758,hahodahypa.tk,847
759,primenca.ml,848
760,buyrehifemi.tk,849
761,tioporza.gq,850
762,czasjecmasound.tk,851
763,lickbustetipingnec.tk,852
764,saytithegambsitsbund.ga,853
765,misecbers.cf,854
766,broomimcari.tk,855
767,lectuananete.ga,856
768,ranrenehutou.tk,857
769,inofgarvalaworl.tk,858
770,akmonar.tk,859
771,ypmaci.cf,860
772,acogtiopa.tk,861
773,rispcholmind.tk,862
774,gaygelomi.tk,863
775,staneronenlu.ml,864
776,chrysetiner.tk,865
777,ejgriler.tk,866
778,qawsozites.tk,867
779,dibelmube.ga,868
780,nexphogepa.tk,869
781,tabchedoci.tk,870
782,wienocortierutip.gq,871
783,beaumulquosub.tk,872
784,postdramun.gq,873
785,psychizgesnabetu.gq,874
786,clipcesszakh.cf,875
787,liregleporo.tk,876
788,nurustemp.ga,877
789,zarfierolonanwind.gq,878
790,champwilfegavol.cf,879
791,eranloungela.tk,880
792,icbrecmonscamwebtven.tk,881
793,choithapecarme.tk,882
794,nessdapanucpay.tk,883
795,preffordbe.tk,884
796,meholiwincu.gq,885
797,niliphos.tk,886
798,bubbmoscontbecupul.gq,887
799,pisryra.tk,888
800,verpnarccompkerlari.tk,889
801,rieconliled.gq,890
802,nutpowsbunre.cf,891
803,lucsiholsma.tk,892
804,ceconttworjac.ml,893
805,leartaiplasobprod.cf,894
806,keypamiperf.tk,895
807,esrito.tk,896
808,primnetti.tk,897
809,uatatpierus.tk,898
810,timbtumbpyfi.tk,899
811,pameting.tk,900
812,menbocontspecsoli.tk,901
813,oksufarpotswork.tk,902
814,litidysmimu.tk,903
815,dingderbproj.ga,904
816,minphesumtia.tk,905
817,handtise.tk,906
818,nohellimulbbeats.tk,907
819,skysvictopirend.cf,908
820,caulacmispnet.ga,909
821,knapellaphe.tk,910
822,ficagagtigedsma.tk,911
823,nontmepipostcer.tk,912
824,biotuvorpaiglut.gq,913
825,jominslist.tk,914
826,globophscinolnagutt.tk,915
827,ginvahydlaire.tk,916
828,ptotnosifuzsa.tk,917
829,worlstityg.tk,918
830,aruvre.tk,919
831,phecemidemquizi.ga,920
832,cossiromoupen.ga,921
833,tertcesschantcornbigla.tk,922
834,roportber.cf,923
835,isicobprepab.gq,924
836,ciacumssamra.gq,925
837,contihaf.tk,926
838,wersdisriasmaratmat.ml,927
839,cietisimptannetfme.cf,928
840,freakreter.tk,929
841,ualcryscoder.ml,930
842,atflintextve.gq,931
843,nidarrifasoft.tk,932
844,urspeedovap.tk,933
845,tcasfeiho.ml,934
846,pendeton.ga,935
847,dispaysenbponfast.tk,936
848,diygilate.tk,937
849,uphbrowunicad.tk,938
850,siylipa.ml,939
851,sunsdoncace.tk,940
852,rentheadsiphoca.tk,941
853,theotile.tk,942
854,raicamevijohntrig.tk,943
855,tiofisonda.tk,944
856,enrobeafachalo.tk,945
857,peracva.cf,946
858,densserteo.tk,947
859,chicorpuzzroder.tk,948
860,lgatcorpedicby.cf,949
861,lirabzateshoo.ga,950
862,lesswesmontkann.tk,951
863,tiocipotato.tk,952
864,cryplotpcaterners.tk,953
865,ovectiostinmatt.ga,954
866,northnore.tk,955
867,bracereninib.tk,956
868,sumptiber.gq,957
869,hardkrepte.tk,958
870,baidereciking.gq,959
871,paupasersjec.ml,960
872,stocymbrunkatona.tk,961
873,coldnaderccockfi.ml,962
874,trovoxob.tk,963
876,uarbige.tk,968
877,nalittperpediwe.tk,969
878,aboremsutlicon.ga,970
879,patdiedesembco.tk,971
880,nactbudce.tk,972
881,rackvingdu.tk,973
882,prosisyn.ga,974
883,garbjanparthon.ml,975
884,bestdardti.tk,976
885,wealthdumptes.tk,977
886,lirolis.tk,978
887,provpesogemesturn.tk,979
888,ovdiszhuper.cf,980
889,birdjoza.ga,981
890,daveforvachalta.tk,982
891,hunasgeschpong.gq,983
892,flamlinkthetiwel.tk,984
893,sozzpurpikorhitchnats.tk,985
894,waltsacpalbswap.ml,986
895,souffceabbung.tk,987
896,cauruzaha.ga,988
897,quobrower.tk,989
898,tialmenkilno.tk,990
899,zorduigran.tk,991
900,tabmasargipo.cf,992
901,ousazras.tk,993
902,taucarsata.tk,994
903,triganlaswea.tk,995
904,flegadmunetidesc.tk,996
905,holoonadisdyecor.tk,997
906,withdmoopamesor.tk,998
907,metengapide.tk,999
908,litabchoni.cf,1000
909,fleettuleventogul.tk,1001
910,replaynitoses.tk,1002
911,raiberiligh.tk,1003
912,alfamoremen.ml,1004
913,emlogsuntnombva.tk,1005
914,faritewebno.tk,1006
915,vuicentreder.tk,1007
916,gliphohan.gq,1008
917,haggpulock.tk,1009
918,cestepabimada.gq,1010
919,meirisraucomate.tk,1011
920,sortheketsno.tk,1012
921,iserevemiccon.tk,1013
922,gambmitzsu.tk,1014
923,imterpahamsi.tk,1015
924,asforvape.tk,1016
925,berolnytep.tk,1017
926,tortilenorri.tk,1018
927,rianallaringfuc.ga,1019
928,prenarkeycongvab.tk,1020
929,apexstatic.ga,1021
930,esunguajosam.tk,1022
931,preseldanfuthada.gq,1023
932,nounbandteton.tk,1024